# Wavelength [nm]	Flux [erg s-1 cm-2 nm-1]
5.00000e-01	1.05301e+02
1.50000e+00	5.63483e+03
2.50000e+00	6.99384e+02
3.50000e+00	1.16441e+03
4.50000e+00	1.71402e+03
5.50000e+00	2.13097e+03
6.50000e+00	2.01865e+03
7.50000e+00	1.43991e+03
8.50000e+00	1.30724e+03
9.50000e+00	7.63637e+02
1.05000e+01	3.12989e+02
1.15000e+01	1.55408e+02
1.25000e+01	8.11711e+01
1.35000e+01	9.05085e+01
1.45000e+01	9.89215e+02
1.55000e+01	7.56241e+02
1.65000e+01	1.57073e+03
1.75000e+01	2.31495e+04
1.85000e+01	1.32897e+04
1.95000e+01	9.42066e+03
2.05000e+01	9.05085e+03
2.15000e+01	4.34977e+03
2.25000e+01	4.73806e+03
2.35000e+01	1.05717e+03
2.45000e+01	2.20123e+03
2.55000e+01	5.42219e+03
2.65000e+01	1.86056e+03
2.75000e+01	3.91757e+03
2.85000e+01	3.95501e+03
2.95000e+01	2.02234e+03
3.05000e+01	2.88999e+04
3.15000e+01	5.50077e+03
3.25000e+01	7.36364e+03
3.35000e+01	7.23883e+03
3.45000e+01	3.20663e+03
3.55000e+01	2.74253e+03
3.65000e+01	3.71603e+03
3.75000e+01	6.39292e+02
3.85000e+01	2.74160e+02
3.95000e+01	2.69584e+02
4.05000e+01	4.52127e+02
4.15000e+01	8.36673e+02
4.25000e+01	2.21788e+02
4.35000e+01	5.08937e+02
4.45000e+01	2.02882e+02
4.55000e+01	2.22989e+02
4.65000e+01	8.03390e+02
4.75000e+01	3.20108e+02
4.85000e+01	5.33899e+02
4.95000e+01	1.83282e+03
5.05000e+01	7.76580e+02
5.15000e+01	2.65470e+02
5.25000e+01	4.53375e+02
5.35000e+01	3.44746e+02
5.45000e+01	2.23868e+02
5.55000e+01	1.00077e+03
5.65000e+01	3.04068e+02
5.75000e+01	3.01757e+02
5.85000e+01	1.70524e+03
5.95000e+01	3.59446e+02
6.05000e+01	1.43852e+03
6.15000e+01	4.50093e+02
6.25000e+01	1.94561e+03
6.35000e+01	4.89985e+02
6.45000e+01	1.12881e+02
6.55000e+01	8.85671e+01
6.65000e+01	7.89985e+01
6.75000e+01	8.08937e+01
6.85000e+01	2.78598e+02
6.95000e+01	2.05794e+02
7.05000e+01	5.41757e+02
7.15000e+01	2.36672e+02
7.25000e+01	1.77180e+02
7.35000e+01	2.30894e+02
7.45000e+01	2.84515e+02
7.55000e+01	4.35070e+02
7.65000e+01	1.09969e+03
7.75000e+01	9.96611e+02
7.85000e+01	1.40663e+03
7.95000e+01	6.60555e+02
8.05000e+01	6.78583e+02
8.15000e+01	7.71033e+02
8.25000e+01	1.13945e+03
8.35000e+01	1.94561e+03
8.45000e+01	1.41495e+03
8.55000e+01	1.57581e+03
8.65000e+01	1.67011e+03
8.75000e+01	1.98814e+03
8.85000e+01	2.27196e+03
8.95000e+01	2.76333e+03
9.05000e+01	3.25609e+03
9.15000e+01	2.49107e+03
9.25000e+01	8.88445e+02
9.35000e+01	7.78891e+02
9.45000e+01	5.55162e+02
9.55000e+01	3.21911e+02
9.65000e+01	3.34715e+02
9.75000e+01	5.99076e+03
9.85000e+01	6.81356e+02
9.95000e+01	1.05116e+03
1.00500e+02	4.25963e+02
1.01500e+02	4.92296e+02
1.02500e+02	4.49261e+03
1.03500e+02	4.64099e+03
1.04500e+02	6.79507e+02
1.05500e+02	5.75039e+02
1.06500e+02	5.47304e+02
1.07500e+02	5.81048e+02
1.08500e+02	9.74885e+02
1.09500e+02	6.55933e+02
1.10500e+02	6.99384e+02
1.11500e+02	6.41603e+02
1.12500e+02	6.98922e+02
1.13500e+02	5.45917e+02
1.14500e+02	3.69338e+02
1.15500e+02	6.06934e+02
1.16500e+02	6.85979e+02
1.17500e+02	2.91726e+03
1.18500e+02	7.72420e+02
1.19500e+02	2.56826e+03
1.20500e+02	7.79816e+03
1.21500e+02	3.75301e+05
1.22500e+02	2.75593e+03
1.23500e+02	1.95532e+03
1.24500e+02	1.48706e+03
1.25500e+02	1.40986e+03
1.26500e+02	2.07966e+03
1.27500e+02	1.09137e+03
1.28500e+02	8.93067e+02
1.29500e+02	1.05069e+03
1.30500e+02	8.39908e+03
1.31500e+02	1.37011e+03
1.32500e+02	1.04931e+03
1.33500e+02	9.99847e+03
1.34500e+02	9.35132e+02
1.35500e+02	2.13375e+03
1.36500e+02	1.38536e+03
1.37500e+02	1.47365e+03
1.38500e+02	1.45979e+03
1.39500e+02	4.28367e+03
1.40500e+02	3.55655e+03
1.41500e+02	2.09492e+03
1.42500e+02	2.26364e+03
1.43500e+02	2.63852e+03
1.44500e+02	2.56734e+03
1.45500e+02	2.76056e+03
1.46500e+02	3.43174e+03
1.47500e+02	4.26056e+03
1.48500e+02	4.34330e+03
1.49500e+02	3.91664e+03
1.50500e+02	4.36549e+03
1.51500e+02	4.71957e+03
1.52500e+02	5.94453e+03
1.53500e+02	6.60555e+03
1.54500e+02	1.17550e+04
1.55500e+02	9.71187e+03
1.56500e+02	9.76734e+03
1.57500e+02	8.82898e+03
1.58500e+02	8.49153e+03
1.59500e+02	8.48691e+03
1.60500e+02	9.54084e+03
1.61500e+02	1.11818e+04
1.62500e+02	1.28413e+04
1.63500e+02	1.40848e+04
1.64500e+02	1.56749e+04
1.65500e+02	2.44761e+04
1.66500e+02	1.70801e+04
1.67500e+02	2.01633e+04
1.68500e+02	2.24284e+04
1.69500e+02	2.93852e+04
1.70500e+02	3.39846e+04
1.71500e+02	3.41002e+04
1.72500e+02	3.68090e+04
1.73500e+02	3.69476e+04
1.74500e+02	4.53745e+04
1.75500e+02	5.58860e+04
1.76500e+02	6.05548e+04
1.77500e+02	7.30355e+04
1.78500e+02	8.14484e+04
1.79500e+02	7.96457e+04
1.80500e+02	9.52697e+04
1.81500e+02	1.14684e+05
1.82500e+02	1.06872e+05
1.83500e+02	1.14222e+05
1.84500e+02	9.77196e+04
1.85500e+02	1.11726e+05
1.86500e+02	1.27997e+05
1.87500e+02	1.48428e+05
1.88500e+02	1.57257e+05
1.89500e+02	1.77227e+05
1.90500e+02	1.83467e+05
1.91500e+02	2.01541e+05
1.92500e+02	2.15593e+05
1.93500e+02	1.63267e+05
1.94500e+02	2.72774e+05
1.95500e+02	2.65979e+05
1.96500e+02	3.01017e+05
1.97500e+02	3.05224e+05
1.98500e+02	3.07766e+05
1.99500e+02	3.34253e+05
2.00500e+02	3.66703e+05
2.01500e+02	4.07982e+05
2.02500e+02	4.05208e+05
2.03500e+02	4.66872e+05
2.04500e+02	5.17258e+05
2.05500e+02	5.35748e+05
2.06500e+02	5.50078e+05
2.07500e+02	6.41603e+05
2.08500e+02	7.23421e+05
2.09500e+02	1.04006e+06
2.10500e+02	1.39415e+06
2.11500e+02	1.70200e+06
2.12500e+02	1.54576e+06
2.13500e+02	1.47458e+06
2.14500e+02	2.07365e+06
2.15500e+02	1.69322e+06
2.16500e+02	1.58875e+06
2.17500e+02	1.56888e+06
2.18500e+02	2.27196e+06
2.19500e+02	2.33945e+06
2.20500e+02	2.39954e+06
2.21500e+02	1.66502e+06
2.22500e+02	2.43236e+06
2.23500e+02	3.20016e+06
2.24500e+02	2.85578e+06
2.25500e+02	2.51510e+06
2.26500e+02	1.84576e+06
2.27500e+02	1.77365e+06
2.28500e+02	2.62697e+06
2.29500e+02	2.26318e+06
2.30500e+02	2.73144e+06
2.31500e+02	2.26919e+06
2.32500e+02	2.54838e+06
2.33500e+02	2.11063e+06
2.34500e+02	1.68814e+06
2.35500e+02	2.74623e+06
2.36500e+02	2.15732e+06
2.37500e+02	2.61356e+06
2.38500e+02	1.76903e+06
2.39500e+02	2.14576e+06
2.40500e+02	1.95023e+06
2.41500e+02	2.34453e+06
2.42500e+02	3.56395e+06
2.43500e+02	3.15532e+06
2.44500e+02	3.05732e+06
2.45500e+02	2.35516e+06
2.46500e+02	2.37319e+06
2.47500e+02	2.76426e+06
2.48500e+02	2.12034e+06
2.49500e+02	2.72450e+06
2.50500e+02	2.87889e+06
2.51500e+02	2.16749e+06
2.52500e+02	1.90170e+06
2.53500e+02	2.48506e+06
2.54500e+02	2.70555e+06
2.55500e+02	3.90832e+06
2.56500e+02	4.71495e+06
2.57500e+02	5.88906e+06
2.58500e+02	6.26349e+06
2.59500e+02	5.15871e+06
2.60500e+02	4.16765e+06
2.61500e+02	4.10663e+06
2.62500e+02	5.17258e+06
2.63500e+02	7.53930e+06
2.64500e+02	1.26795e+07
2.65500e+02	1.27627e+07
2.66500e+02	1.20971e+07
2.67500e+02	1.24854e+07
2.68500e+02	1.21248e+07
2.69500e+02	1.11911e+07
2.70500e+02	1.37519e+07
2.71500e+02	1.13297e+07
2.72500e+02	9.04161e+06
2.73500e+02	1.03960e+07
2.74500e+02	5.84746e+06
2.75500e+02	8.55162e+06
2.76500e+02	1.23883e+07
2.77500e+02	1.21341e+07
2.78500e+02	7.89985e+06
2.79500e+02	3.61526e+06
2.80000e+02	3.62681e+06
2.80500e+02	4.72882e+06
2.81000e+02	7.93221e+06
2.81500e+02	1.11402e+07
2.82000e+02	1.34792e+07
2.82500e+02	1.45239e+07
2.83000e+02	1.58506e+07
2.83500e+02	1.48983e+07
2.84000e+02	1.48428e+07
2.84500e+02	1.16210e+07
2.85000e+02	5.47766e+06
2.85500e+02	6.36518e+06
2.86000e+02	1.38952e+07
2.86500e+02	1.65532e+07
2.87000e+02	1.74638e+07
2.87500e+02	1.74823e+07
2.88000e+02	1.15747e+07
2.88500e+02	1.65855e+07
2.89000e+02	1.94191e+07
2.89500e+02	2.27011e+07
2.90000e+02	2.85532e+07
2.90500e+02	2.98567e+07
2.91000e+02	2.81834e+07
2.91500e+02	2.78274e+07
2.92000e+02	2.64777e+07
2.92500e+02	2.29507e+07
2.93000e+02	2.62188e+07
2.93500e+02	2.66256e+07
2.94000e+02	2.32928e+07
2.94500e+02	2.51187e+07
2.95000e+02	2.38521e+07
2.95500e+02	2.69076e+07
2.96000e+02	2.87057e+07
2.96500e+02	2.27704e+07
2.97000e+02	1.96040e+07
2.97500e+02	2.76241e+07
2.98000e+02	2.57797e+07
2.98500e+02	1.75100e+07
2.99000e+02	2.66580e+07
2.99500e+02	2.41017e+07
3.00000e+02	1.92573e+07
3.00500e+02	2.02974e+07
3.01000e+02	2.28305e+07
3.01500e+02	2.44761e+07
3.02000e+02	1.73020e+07
3.02500e+02	2.51325e+07
3.03000e+02	3.12805e+07
3.03500e+02	3.18305e+07
3.04000e+02	2.66764e+07
3.04500e+02	2.99584e+07
3.05000e+02	3.11048e+07
3.05500e+02	2.83082e+07
3.06000e+02	2.50632e+07
3.06500e+02	2.70740e+07
3.07000e+02	2.97781e+07
3.07500e+02	3.01156e+07
3.08000e+02	3.03375e+07
3.08500e+02	3.14422e+07
3.09000e+02	2.59738e+07
3.09500e+02	2.37273e+07
3.10000e+02	2.14854e+07
3.10500e+02	3.30231e+07
3.11000e+02	3.80709e+07
3.11500e+02	3.53298e+07
3.12000e+02	2.96626e+07
3.12500e+02	3.21957e+07
3.13000e+02	3.28660e+07
3.13500e+02	3.35224e+07
3.14000e+02	3.66610e+07
3.14500e+02	2.73976e+07
3.15000e+02	3.48352e+07
3.15500e+02	3.14330e+07
3.16000e+02	2.39446e+07
3.16500e+02	3.06379e+07
3.17000e+02	3.80154e+07
3.17500e+02	4.06688e+07
3.18000e+02	2.93159e+07
3.18500e+02	3.15254e+07
3.19000e+02	3.48074e+07
3.19500e+02	3.15671e+07
3.20000e+02	3.86580e+07
3.20500e+02	4.19538e+07
3.21000e+02	3.30555e+07
3.21500e+02	3.11973e+07
3.22000e+02	3.76549e+07
3.22500e+02	3.24176e+07
3.23000e+02	2.95794e+07
3.23500e+02	3.15671e+07
3.24000e+02	3.61110e+07
3.24500e+02	3.82003e+07
3.25000e+02	3.62404e+07
3.25500e+02	4.35023e+07
3.26000e+02	4.86287e+07
3.26500e+02	4.60771e+07
3.27000e+02	4.66410e+07
3.27500e+02	4.60355e+07
3.28000e+02	4.40478e+07
3.28500e+02	4.22127e+07
3.29000e+02	4.73344e+07
3.29500e+02	5.26503e+07
3.30000e+02	5.37134e+07
3.30500e+02	4.49538e+07
3.31000e+02	4.64561e+07
3.31500e+02	4.53698e+07
3.32000e+02	4.65024e+07
3.32500e+02	4.49353e+07
3.33000e+02	4.52543e+07
3.33500e+02	4.23606e+07
3.34000e+02	4.35301e+07
3.34500e+02	4.80740e+07
3.35000e+02	4.40848e+07
3.35500e+02	4.95532e+07
3.36000e+02	3.41880e+07
3.36500e+02	4.18290e+07
3.37000e+02	3.47889e+07
3.37500e+02	4.34145e+07
3.38000e+02	4.09738e+07
3.38500e+02	4.57812e+07
3.39000e+02	4.53375e+07
3.39500e+02	4.33590e+07
3.40000e+02	5.23729e+07
3.40500e+02	4.69646e+07
3.41000e+02	4.45609e+07
3.41500e+02	4.10478e+07
3.42000e+02	4.89985e+07
3.42500e+02	4.57766e+07
3.43000e+02	5.01079e+07
3.43500e+02	4.70108e+07
3.44000e+02	3.54268e+07
3.44500e+02	3.47381e+07
3.45000e+02	4.61372e+07
3.45500e+02	4.70570e+07
3.46000e+02	3.99384e+07
3.46500e+02	4.51433e+07
3.47000e+02	4.82589e+07
3.47500e+02	3.88937e+07
3.48000e+02	4.43621e+07
3.48500e+02	4.43344e+07
3.49000e+02	4.10293e+07
3.49500e+02	4.04931e+07
3.50000e+02	4.99692e+07
3.50500e+02	5.26040e+07
3.51000e+02	4.68722e+07
3.51500e+02	4.53375e+07
3.52000e+02	4.86749e+07
3.52500e+02	3.79507e+07
3.53000e+02	4.77042e+07
3.53500e+02	5.09400e+07
3.54000e+02	5.28352e+07
3.54500e+02	5.35286e+07
3.55000e+02	5.32512e+07
3.55500e+02	4.79816e+07
3.56000e+02	5.01079e+07
3.56500e+02	4.27396e+07
3.57000e+02	3.52928e+07
3.57500e+02	4.31649e+07
3.58000e+02	3.41649e+07
3.58500e+02	2.91634e+07
3.59000e+02	4.07473e+07
3.59500e+02	5.18644e+07
3.60000e+02	5.49153e+07
3.60500e+02	4.38398e+07
3.61000e+02	3.98783e+07
3.61500e+02	4.57489e+07
3.62000e+02	3.94114e+07
3.62500e+02	5.43606e+07
3.63000e+02	4.86749e+07
3.63500e+02	4.47088e+07
3.64000e+02	5.45455e+07
3.64500e+02	4.65486e+07
3.65000e+02	4.73344e+07
3.65500e+02	5.93067e+07
3.66000e+02	6.26811e+07
3.66500e+02	5.87520e+07
3.67000e+02	5.71341e+07
3.67500e+02	5.92142e+07
3.68000e+02	5.17258e+07
3.68500e+02	5.20956e+07
3.69000e+02	5.61634e+07
3.69500e+02	5.97689e+07
3.70000e+02	6.36056e+07
3.70500e+02	4.92758e+07
3.71000e+02	5.25578e+07
3.71500e+02	6.56857e+07
3.72000e+02	4.35532e+07
3.72500e+02	5.21418e+07
3.73000e+02	5.29276e+07
3.73500e+02	3.43729e+07
3.74000e+02	4.98768e+07
3.74500e+02	4.12281e+07
3.75000e+02	4.00308e+07
3.75500e+02	5.97227e+07
3.76000e+02	4.94608e+07
3.76500e+02	5.12173e+07
3.77000e+02	5.41295e+07
3.77500e+02	6.32358e+07
3.78000e+02	6.85054e+07
3.78500e+02	6.47150e+07
3.79000e+02	5.33899e+07
3.79500e+02	4.87674e+07
3.80000e+02	5.06626e+07
3.80500e+02	6.12481e+07
3.81000e+02	6.12481e+07
3.81500e+02	4.84438e+07
3.82000e+02	4.29338e+07
3.82500e+02	3.65131e+07
3.83000e+02	3.37442e+07
3.83500e+02	3.24500e+07
3.84000e+02	3.57504e+07
3.84500e+02	5.25116e+07
3.85000e+02	5.20031e+07
3.85500e+02	4.83514e+07
3.86000e+02	4.13529e+07
3.86500e+02	5.42219e+07
3.87000e+02	4.50232e+07
3.87500e+02	5.05239e+07
3.88000e+02	4.65948e+07
3.88500e+02	4.59893e+07
3.89000e+02	4.95994e+07
3.89500e+02	6.00000e+07
3.90000e+02	6.01387e+07
3.90500e+02	5.52851e+07
3.91000e+02	6.49924e+07
3.91500e+02	6.62404e+07
3.92000e+02	5.57474e+07
3.92500e+02	4.98306e+07
3.93000e+02	2.76842e+07
3.93500e+02	2.00940e+07
3.94000e+02	4.08490e+07
3.94500e+02	5.18644e+07
3.95000e+02	6.32358e+07
3.95500e+02	6.42065e+07
3.96000e+02	5.56087e+07
3.96500e+02	3.24453e+07
3.97000e+02	2.43190e+07
3.97500e+02	4.94145e+07
3.98000e+02	6.91988e+07
3.98500e+02	7.14638e+07
3.99000e+02	7.71958e+07
3.99500e+02	7.68722e+07
4.00000e+02	7.98306e+07
4.01000e+02	8.17720e+07
4.02000e+02	8.60247e+07
4.03000e+02	8.14947e+07
4.04000e+02	8.01079e+07
4.05000e+02	7.99692e+07
4.06000e+02	7.84438e+07
4.07000e+02	7.69646e+07
4.08000e+02	7.99230e+07
4.09000e+02	8.53776e+07
4.10000e+02	7.44222e+07
4.11000e+02	8.04315e+07
4.12000e+02	8.61172e+07
4.13000e+02	8.39446e+07
4.14000e+02	8.47766e+07
4.15000e+02	8.47766e+07
4.16000e+02	8.60247e+07
4.17000e+02	8.38059e+07
4.18000e+02	8.21418e+07
4.19000e+02	8.30663e+07
4.20000e+02	8.26041e+07
4.21000e+02	8.62558e+07
4.22000e+02	8.18645e+07
4.23000e+02	7.98306e+07
4.24000e+02	8.43606e+07
4.25000e+02	8.40370e+07
4.26000e+02	8.15871e+07
4.27000e+02	7.99692e+07
4.28000e+02	7.78429e+07
4.29000e+02	7.34978e+07
4.30000e+02	6.42065e+07
4.31000e+02	6.36518e+07
4.32000e+02	8.19569e+07
4.33000e+02	8.22805e+07
4.34000e+02	7.63637e+07
4.35000e+02	7.97381e+07
4.36000e+02	8.95840e+07
4.37000e+02	8.81048e+07
4.38000e+02	8.00617e+07
4.39000e+02	8.29739e+07
4.40000e+02	8.54238e+07
4.41000e+02	8.82898e+07
4.42000e+02	9.45764e+07
4.43000e+02	9.22189e+07
4.44000e+02	9.40216e+07
4.45000e+02	9.20340e+07
4.46000e+02	8.75502e+07
4.47000e+02	9.43914e+07
4.48000e+02	9.60093e+07
4.49000e+02	9.60093e+07
4.50000e+02	9.85055e+07
4.51000e+02	1.02065e+08
4.52000e+02	9.82281e+07
4.53000e+02	9.22651e+07
4.54000e+02	9.61018e+07
4.55000e+02	9.66565e+07
4.56000e+02	9.88290e+07
4.57000e+02	1.00401e+08
4.58000e+02	9.70725e+07
4.59000e+02	9.64254e+07
4.60000e+02	9.67027e+07
4.61000e+02	9.88290e+07
4.62000e+02	9.93838e+07
4.63000e+02	9.87366e+07
4.64000e+02	9.68414e+07
4.65000e+02	9.53622e+07
4.66000e+02	9.61018e+07
4.67000e+02	9.44377e+07
4.68000e+02	9.55008e+07
4.69000e+02	9.59631e+07
4.70000e+02	9.29122e+07
4.71000e+02	9.27274e+07
4.72000e+02	9.77196e+07
4.73000e+02	9.64716e+07
4.74000e+02	9.67952e+07
4.75000e+02	9.78121e+07
4.76000e+02	9.51310e+07
4.77000e+02	9.55471e+07
4.78000e+02	9.80432e+07
4.79000e+02	9.72112e+07
4.80000e+02	9.71650e+07
4.81000e+02	9.86904e+07
4.82000e+02	9.89215e+07
4.83000e+02	9.74423e+07
4.84000e+02	9.53160e+07
4.85000e+02	9.06934e+07
4.86000e+02	7.91372e+07
4.87000e+02	8.27890e+07
4.88000e+02	9.08321e+07
4.89000e+02	9.12019e+07
4.90000e+02	9.57782e+07
4.91000e+02	9.39754e+07
4.92000e+02	8.87058e+07
4.93000e+02	9.15717e+07
4.94000e+02	9.24500e+07
4.95000e+02	9.31896e+07
4.96000e+02	9.37443e+07
4.97000e+02	9.51773e+07
4.98000e+02	9.06934e+07
4.99000e+02	9.18953e+07
5.00000e+02	8.93067e+07
5.01000e+02	8.77813e+07
5.02000e+02	8.68106e+07
5.03000e+02	9.06472e+07
5.04000e+02	8.93529e+07
5.05000e+02	9.16642e+07
5.06000e+02	9.46688e+07
5.07000e+02	9.00463e+07
5.08000e+02	8.69492e+07
5.09000e+02	8.91680e+07
5.10000e+02	8.85209e+07
5.11000e+02	9.06934e+07
5.12000e+02	9.15717e+07
5.13000e+02	8.66256e+07
5.14000e+02	8.59323e+07
5.15000e+02	8.50540e+07
5.16000e+02	8.48691e+07
5.17000e+02	7.53468e+07
5.18000e+02	7.92296e+07
5.19000e+02	8.31126e+07
5.20000e+02	8.61634e+07
5.21000e+02	8.69954e+07
5.22000e+02	8.71341e+07
5.23000e+02	8.56087e+07
5.24000e+02	8.87982e+07
5.25000e+02	9.00463e+07
5.26000e+02	8.60710e+07
5.27000e+02	8.12636e+07
5.28000e+02	8.60710e+07
5.29000e+02	9.08321e+07
5.30000e+02	8.95840e+07
5.31000e+02	9.09708e+07
5.32000e+02	8.78737e+07
5.33000e+02	8.52851e+07
5.34000e+02	8.77350e+07
5.35000e+02	8.95378e+07
5.36000e+02	9.02774e+07
5.37000e+02	8.66256e+07
5.38000e+02	8.81048e+07
5.39000e+02	8.73652e+07
5.40000e+02	8.38059e+07
5.41000e+02	8.46380e+07
5.42000e+02	8.74115e+07
5.43000e+02	8.62558e+07
5.44000e+02	8.79662e+07
5.45000e+02	8.76426e+07
5.46000e+02	8.82435e+07
5.47000e+02	8.80124e+07
5.48000e+02	8.68568e+07
5.49000e+02	8.70417e+07
5.50000e+02	8.80586e+07
5.51000e+02	8.69492e+07
5.52000e+02	8.75502e+07
5.53000e+02	8.60247e+07
5.54000e+02	8.81048e+07
5.55000e+02	8.83360e+07
5.56000e+02	8.72266e+07
5.57000e+02	8.45918e+07
5.58000e+02	8.40833e+07
5.59000e+02	8.26503e+07
5.60000e+02	8.37597e+07
5.61000e+02	8.49616e+07
5.62000e+02	8.44993e+07
5.63000e+02	8.69954e+07
5.64000e+02	8.47766e+07
5.65000e+02	8.41757e+07
5.66000e+02	8.30663e+07
5.67000e+02	8.48229e+07
5.68000e+02	8.45455e+07
5.69000e+02	8.35286e+07
5.70000e+02	8.33437e+07
5.71000e+02	8.25578e+07
5.72000e+02	8.51927e+07
5.73000e+02	8.62096e+07
5.74000e+02	8.60710e+07
5.75000e+02	8.46842e+07
5.76000e+02	8.38984e+07
5.77000e+02	8.47304e+07
5.78000e+02	8.32050e+07
5.79000e+02	8.31126e+07
5.80000e+02	8.40370e+07
5.81000e+02	8.39908e+07
5.82000e+02	8.51464e+07
5.83000e+02	8.50078e+07
5.84000e+02	8.55162e+07
5.85000e+02	8.32974e+07
5.86000e+02	8.15871e+07
5.87000e+02	8.36672e+07
5.88000e+02	8.28814e+07
5.89000e+02	7.60864e+07
5.90000e+02	7.93221e+07
5.91000e+02	8.23730e+07
5.92000e+02	8.22805e+07
5.93000e+02	8.24654e+07
5.94000e+02	8.23267e+07
5.95000e+02	8.09862e+07
5.96000e+02	8.22343e+07
5.97000e+02	8.16796e+07
5.98000e+02	8.09400e+07
5.99000e+02	8.07088e+07
6.00000e+02	8.02928e+07
6.01000e+02	7.92759e+07
6.02000e+02	7.86750e+07
6.03000e+02	7.98306e+07
6.04000e+02	8.10786e+07
6.05000e+02	8.05702e+07
6.06000e+02	8.00617e+07
6.07000e+02	8.06626e+07
6.08000e+02	7.95994e+07
6.09000e+02	7.95994e+07
6.10000e+02	7.88598e+07
6.11000e+02	7.91834e+07
6.12000e+02	7.88598e+07
6.13000e+02	7.77967e+07
6.14000e+02	7.65948e+07
6.15000e+02	7.81202e+07
6.16000e+02	7.54392e+07
6.17000e+02	7.52081e+07
6.18000e+02	7.80278e+07
6.19000e+02	7.71958e+07
6.20000e+02	7.77042e+07
6.21000e+02	7.79354e+07
6.22000e+02	7.71958e+07
6.23000e+02	7.61788e+07
6.24000e+02	7.47458e+07
6.25000e+02	7.45609e+07
6.26000e+02	7.57166e+07
6.27000e+02	7.69646e+07
6.28000e+02	7.68722e+07
6.29000e+02	7.68722e+07
6.30000e+02	7.52543e+07
6.31000e+02	7.53005e+07
6.32000e+02	7.41449e+07
6.33000e+02	7.57166e+07
6.34000e+02	7.44685e+07
6.35000e+02	7.53930e+07
6.36000e+02	7.40987e+07
6.37000e+02	7.51156e+07
6.38000e+02	7.54854e+07
6.39000e+02	7.44685e+07
6.40000e+02	7.35440e+07
6.41000e+02	7.33591e+07
6.42000e+02	7.28506e+07
6.43000e+02	7.38213e+07
6.44000e+02	7.34053e+07
6.45000e+02	7.36364e+07
6.46000e+02	7.25270e+07
6.47000e+02	7.28968e+07
6.48000e+02	7.35440e+07
6.49000e+02	7.21110e+07
6.50000e+02	7.06780e+07
6.51000e+02	7.33128e+07
6.52000e+02	7.24808e+07
6.53000e+02	7.23884e+07
6.54000e+02	7.13252e+07
6.55000e+02	6.97535e+07
6.56000e+02	6.10632e+07
6.57000e+02	6.26811e+07
6.58000e+02	6.97535e+07
6.59000e+02	6.99384e+07
6.60000e+02	7.01233e+07
6.61000e+02	7.05856e+07
6.62000e+02	7.10478e+07
6.63000e+02	6.95224e+07
6.64000e+02	6.98922e+07
6.65000e+02	6.96148e+07
6.66000e+02	6.95224e+07
6.67000e+02	6.92913e+07
6.68000e+02	6.91526e+07
6.69000e+02	7.01233e+07
6.70000e+02	6.97535e+07
6.71000e+02	6.96611e+07
6.72000e+02	6.90139e+07
6.73000e+02	6.99846e+07
6.74000e+02	6.96611e+07
6.75000e+02	6.89677e+07
6.76000e+02	6.93837e+07
6.77000e+02	6.86441e+07
6.78000e+02	6.87828e+07
6.79000e+02	6.76272e+07
6.80000e+02	6.81356e+07
6.81000e+02	6.76734e+07
6.82000e+02	6.75810e+07
6.83000e+02	6.74423e+07
6.84000e+02	6.71187e+07
6.85000e+02	6.76272e+07
6.86000e+02	6.73036e+07
6.87000e+02	6.81356e+07
6.88000e+02	6.73498e+07
6.89000e+02	6.72112e+07
6.90000e+02	6.67489e+07
6.91000e+02	6.62404e+07
6.92000e+02	6.56395e+07
6.93000e+02	6.57320e+07
6.94000e+02	6.59168e+07
6.95000e+02	6.59168e+07
6.96000e+02	6.64716e+07
6.97000e+02	6.61942e+07
6.98000e+02	6.52697e+07
6.99000e+02	6.61480e+07
7.00000e+02	6.53159e+07
7.01000e+02	6.51772e+07
7.02000e+02	6.48074e+07
7.03000e+02	6.50848e+07
7.04000e+02	6.57320e+07
7.05000e+02	6.58244e+07
7.06000e+02	6.51772e+07
7.07000e+02	6.50386e+07
7.08000e+02	6.51772e+07
7.09000e+02	6.45301e+07
7.10000e+02	6.48537e+07
7.11000e+02	6.45301e+07
7.12000e+02	6.40216e+07
7.13000e+02	6.36518e+07
7.14000e+02	6.38830e+07
7.15000e+02	6.26811e+07
7.16000e+02	6.30047e+07
7.17000e+02	6.38830e+07
7.18000e+02	6.28660e+07
7.19000e+02	6.17104e+07
7.20000e+02	6.29122e+07
7.21000e+02	6.22188e+07
7.22000e+02	6.21726e+07
7.23000e+02	6.27273e+07
7.24000e+02	6.22188e+07
7.25000e+02	6.18028e+07
7.26000e+02	6.18953e+07
7.27000e+02	6.23113e+07
7.28000e+02	6.12019e+07
7.29000e+02	5.99538e+07
7.30000e+02	6.14330e+07
7.31000e+02	6.09708e+07
7.32000e+02	6.11094e+07
7.33000e+02	6.09246e+07
7.34000e+02	6.15717e+07
7.35000e+02	6.06934e+07
7.36000e+02	6.04161e+07
7.37000e+02	6.08783e+07
7.38000e+02	5.98614e+07
7.39000e+02	5.88444e+07
7.40000e+02	5.97227e+07
7.41000e+02	5.87520e+07
7.42000e+02	5.84746e+07
7.43000e+02	5.98614e+07
7.44000e+02	5.94916e+07
7.45000e+02	5.93529e+07
7.46000e+02	5.96302e+07
7.47000e+02	5.97227e+07
7.48000e+02	5.95840e+07
7.49000e+02	5.88906e+07
7.50000e+02	5.88444e+07
7.51000e+02	5.82435e+07
7.52000e+02	5.84746e+07
7.53000e+02	5.87520e+07
7.54000e+02	5.88906e+07
7.55000e+02	5.85671e+07
7.56000e+02	5.85208e+07
7.57000e+02	5.86133e+07
7.58000e+02	5.79199e+07
7.59000e+02	5.77350e+07
7.60000e+02	5.77350e+07
7.61000e+02	5.75501e+07
7.62000e+02	5.65332e+07
7.63000e+02	5.75964e+07
7.64000e+02	5.72728e+07
7.65000e+02	5.66718e+07
7.66000e+02	5.43606e+07
7.67000e+02	5.62096e+07
7.68000e+02	5.64407e+07
7.69000e+02	5.58860e+07
7.70000e+02	5.58860e+07
7.71000e+02	5.55162e+07
7.72000e+02	5.53776e+07
7.73000e+02	5.57011e+07
7.74000e+02	5.53776e+07
7.75000e+02	5.49153e+07
7.76000e+02	5.55624e+07
7.77000e+02	5.48228e+07
7.78000e+02	5.44993e+07
7.79000e+02	5.45455e+07
7.80000e+02	5.42219e+07
7.81000e+02	5.42682e+07
7.82000e+02	5.45917e+07
7.83000e+02	5.36210e+07
7.84000e+02	5.38521e+07
7.85000e+02	5.35286e+07
7.86000e+02	5.41757e+07
7.87000e+02	5.39446e+07
7.88000e+02	5.36672e+07
7.89000e+02	5.39446e+07
7.90000e+02	5.38521e+07
7.91000e+02	5.31125e+07
7.92000e+02	5.26040e+07
7.93000e+02	5.19107e+07
7.94000e+02	5.13098e+07
7.95000e+02	5.25116e+07
7.96000e+02	5.26965e+07
7.97000e+02	5.26503e+07
7.98000e+02	5.26040e+07
7.99000e+02	5.26503e+07
8.00000e+02	5.21880e+07
8.01000e+02	5.23267e+07
8.02000e+02	5.20956e+07
8.03000e+02	5.18644e+07
8.04000e+02	5.17720e+07
8.05000e+02	5.11248e+07
8.06000e+02	5.18182e+07
8.07000e+02	5.14022e+07
8.08000e+02	5.13098e+07
8.09000e+02	5.08937e+07
8.10000e+02	5.10324e+07
8.11000e+02	5.15409e+07
8.12000e+02	5.15871e+07
8.13000e+02	5.16796e+07
8.14000e+02	5.13560e+07
8.15000e+02	5.10786e+07
8.16000e+02	5.09862e+07
8.17000e+02	5.08013e+07
8.18000e+02	4.97843e+07
8.19000e+02	4.95070e+07
8.20000e+02	4.91834e+07
8.21000e+02	4.91372e+07
8.22000e+02	4.92296e+07
8.23000e+02	4.97381e+07
8.24000e+02	4.95994e+07
8.25000e+02	4.94608e+07
8.26000e+02	4.98306e+07
8.27000e+02	4.97381e+07
8.28000e+02	4.94608e+07
8.29000e+02	4.91372e+07
8.30000e+02	4.89985e+07
8.31000e+02	4.87212e+07
8.32000e+02	4.88598e+07
8.33000e+02	4.73344e+07
8.34000e+02	4.75655e+07
8.35000e+02	4.83051e+07
8.36000e+02	4.85362e+07
8.37000e+02	4.83051e+07
8.38000e+02	4.75655e+07
8.39000e+02	4.74268e+07
8.40000e+02	4.82127e+07
8.41000e+02	4.79353e+07
8.42000e+02	4.75193e+07
8.43000e+02	4.69646e+07
8.44000e+02	4.66410e+07
8.45000e+02	4.77504e+07
8.46000e+02	4.74731e+07
8.47000e+02	4.64099e+07
8.48000e+02	4.63637e+07
8.49000e+02	4.50648e+07
8.50000e+02	4.31279e+07
8.51000e+02	4.59430e+07
8.52000e+02	4.55039e+07
8.53000e+02	4.35763e+07
8.54000e+02	3.78074e+07
8.55000e+02	4.12789e+07
8.56000e+02	4.52219e+07
8.57000e+02	4.60586e+07
8.58000e+02	4.57859e+07
8.59000e+02	4.57350e+07
8.60000e+02	4.57443e+07
8.61000e+02	4.55178e+07
8.62000e+02	4.61973e+07
8.63000e+02	4.72882e+07
8.64000e+02	4.49122e+07
8.65000e+02	4.45008e+07
8.66000e+02	4.00124e+07
8.67000e+02	4.17504e+07
8.68000e+02	4.54253e+07
8.69000e+02	4.44731e+07
8.70000e+02	4.57350e+07
8.71000e+02	4.51156e+07
8.72000e+02	4.49446e+07
8.73000e+02	4.48521e+07
8.74000e+02	4.43159e+07
8.75000e+02	4.34284e+07
8.76000e+02	4.38953e+07
8.77000e+02	4.43205e+07
8.78000e+02	4.48475e+07
8.79000e+02	4.41449e+07
8.80000e+02	4.31926e+07
8.81000e+02	4.26703e+07
8.82000e+02	4.36179e+07
8.83000e+02	4.36734e+07
8.84000e+02	4.34977e+07
8.85000e+02	4.38213e+07
8.86000e+02	4.21849e+07
8.87000e+02	4.23329e+07
8.88000e+02	4.32527e+07
8.89000e+02	4.32666e+07
8.90000e+02	4.33914e+07
8.91000e+02	4.30632e+07
8.92000e+02	4.23745e+07
8.93000e+02	4.21202e+07
8.94000e+02	4.22219e+07
8.95000e+02	4.20555e+07
8.96000e+02	4.26749e+07
8.97000e+02	4.20324e+07
8.98000e+02	4.22080e+07
8.99000e+02	4.20832e+07
9.00000e+02	4.11218e+07
9.01000e+02	3.97073e+07
9.02000e+02	4.01141e+07
9.03000e+02	4.16395e+07
9.04000e+02	4.20555e+07
9.05000e+02	4.19353e+07
9.06000e+02	4.09646e+07
9.07000e+02	4.12974e+07
9.08000e+02	4.05717e+07
9.09000e+02	3.97443e+07
9.10000e+02	4.05301e+07
9.11000e+02	4.03174e+07
9.12000e+02	4.03729e+07
9.13000e+02	4.12604e+07
9.14000e+02	4.07704e+07
9.15000e+02	4.04330e+07
9.16000e+02	4.06087e+07
9.17000e+02	4.00355e+07
9.18000e+02	4.02296e+07
9.19000e+02	4.03683e+07
9.20000e+02	3.98737e+07
9.21000e+02	3.88752e+07
9.22000e+02	3.87273e+07
9.23000e+02	3.76641e+07
9.24000e+02	3.88567e+07
9.25000e+02	3.88475e+07
9.26000e+02	3.83529e+07
9.27000e+02	3.95732e+07
9.28000e+02	3.96379e+07
9.29000e+02	3.91110e+07
9.30000e+02	3.93144e+07
9.31000e+02	3.93144e+07
9.32000e+02	3.91064e+07
9.33000e+02	3.92543e+07
9.34000e+02	3.91572e+07
9.35000e+02	3.86949e+07
9.36000e+02	3.85054e+07
9.37000e+02	3.87782e+07
9.38000e+02	3.87458e+07
9.39000e+02	3.84684e+07
9.40000e+02	3.80154e+07
9.41000e+02	3.66333e+07
9.42000e+02	3.73960e+07
9.43000e+02	3.78537e+07
9.44000e+02	3.73452e+07
9.45000e+02	3.77196e+07
9.46000e+02	3.78537e+07
9.47000e+02	3.79369e+07
9.48000e+02	3.79692e+07
9.49000e+02	3.79369e+07
9.50000e+02	3.76688e+07
9.51000e+02	3.74654e+07
9.52000e+02	3.74977e+07
9.53000e+02	3.71557e+07
9.54000e+02	3.60185e+07
9.55000e+02	3.54084e+07
9.56000e+02	3.69060e+07
9.57000e+02	3.66194e+07
9.58000e+02	3.70170e+07
9.59000e+02	3.70540e+07
9.60000e+02	3.65316e+07
9.61000e+02	3.67073e+07
9.62000e+02	3.63929e+07
9.63000e+02	3.62127e+07
9.64000e+02	3.61988e+07
9.65000e+02	3.60555e+07
9.66000e+02	3.57643e+07
9.67000e+02	3.60740e+07
9.68000e+02	3.60231e+07
9.69000e+02	3.60000e+07
9.70000e+02	3.59630e+07
9.71000e+02	3.58521e+07
9.72000e+02	3.59353e+07
9.73000e+02	3.55563e+07
9.74000e+02	3.51218e+07
9.75000e+02	3.55470e+07
9.76000e+02	3.53483e+07
9.77000e+02	3.52697e+07
9.78000e+02	3.52188e+07
9.79000e+02	3.49230e+07
9.80000e+02	3.51033e+07
9.81000e+02	3.52928e+07
9.82000e+02	3.51726e+07
9.83000e+02	3.49184e+07
9.84000e+02	3.48721e+07
9.85000e+02	3.48999e+07
9.86000e+02	3.46410e+07
9.87000e+02	3.45717e+07
9.88000e+02	3.46179e+07
9.89000e+02	3.40724e+07
9.90000e+02	3.42157e+07
9.91000e+02	3.42758e+07
9.92000e+02	3.43822e+07
9.93000e+02	3.42897e+07
9.94000e+02	3.42897e+07
9.95000e+02	3.41372e+07
9.96000e+02	3.41094e+07
9.97000e+02	3.40956e+07
9.98000e+02	3.39800e+07
9.99000e+02	3.38228e+07
1.00000e+03	3.37766e+07
1.00100e+03	3.39846e+07
1.00200e+03	3.38367e+07
1.00300e+03	3.34345e+07
1.00400e+03	3.28198e+07
1.00500e+03	3.13359e+07
1.00600e+03	3.27181e+07
1.00700e+03	3.33190e+07
1.00800e+03	3.32959e+07
1.00900e+03	3.32774e+07
1.01000e+03	3.32265e+07
1.01100e+03	3.31295e+07
1.01200e+03	3.30093e+07
1.01300e+03	3.30093e+07
1.01400e+03	3.27781e+07
1.01500e+03	3.25886e+07
1.01600e+03	3.24638e+07
1.01700e+03	3.25655e+07
1.01800e+03	3.23529e+07
1.01900e+03	3.19600e+07
1.02000e+03	3.22281e+07
1.02100e+03	3.21310e+07
1.02200e+03	3.19877e+07
1.02300e+03	3.23575e+07
1.02400e+03	3.22466e+07
1.02500e+03	3.22234e+07
1.02600e+03	3.21587e+07
1.02700e+03	3.20755e+07
1.02800e+03	3.20339e+07
1.02900e+03	3.16780e+07
1.03000e+03	3.17843e+07
1.03100e+03	3.17057e+07
1.03200e+03	3.15763e+07
1.03300e+03	3.11094e+07
1.03400e+03	3.11002e+07
1.03500e+03	3.11973e+07
1.03600e+03	3.13914e+07
1.03700e+03	3.08691e+07
1.03800e+03	3.10170e+07
1.03900e+03	3.10170e+07
1.04000e+03	3.08968e+07
1.04100e+03	3.10447e+07
1.04200e+03	3.08321e+07
1.04300e+03	3.07489e+07
1.04400e+03	3.08737e+07
1.04500e+03	3.04715e+07
1.04600e+03	3.01526e+07
1.04700e+03	3.04438e+07
1.04800e+03	3.06333e+07
1.04900e+03	3.05455e+07
1.05000e+03	3.04299e+07
1.05100e+03	3.04160e+07
1.05200e+03	3.03190e+07
1.05300e+03	3.01110e+07
1.05400e+03	3.02127e+07
1.05500e+03	3.02728e+07
1.05600e+03	3.02127e+07
1.05700e+03	3.01572e+07
1.05800e+03	2.94546e+07
1.05900e+03	2.95332e+07
1.06000e+03	2.95100e+07
1.06100e+03	2.95008e+07
1.06200e+03	2.97042e+07
1.06300e+03	2.94453e+07
1.06400e+03	2.97781e+07
1.06500e+03	2.96718e+07
1.06600e+03	2.90016e+07
1.06700e+03	2.94037e+07
1.06800e+03	2.88444e+07
1.06900e+03	2.79014e+07
1.07000e+03	2.89461e+07
1.07100e+03	2.91079e+07
1.07200e+03	2.89923e+07
1.07300e+03	2.85116e+07
1.07400e+03	2.89600e+07
1.07500e+03	2.83452e+07
1.07600e+03	2.89877e+07
1.07700e+03	2.89831e+07
1.07800e+03	2.85532e+07
1.07900e+03	2.83960e+07
1.08000e+03	2.87936e+07
1.08100e+03	2.79985e+07
1.08200e+03	2.77489e+07
1.08300e+03	2.77073e+07
1.08400e+03	2.83822e+07
1.08500e+03	2.85486e+07
1.08600e+03	2.81972e+07
1.08700e+03	2.72404e+07
1.08800e+03	2.78459e+07
1.08900e+03	2.78043e+07
1.09000e+03	2.81741e+07
1.09100e+03	2.80355e+07
1.09200e+03	2.77766e+07
1.09300e+03	2.68613e+07
1.09400e+03	2.57381e+07
1.09500e+03	2.69723e+07
1.09600e+03	2.69492e+07
1.09700e+03	2.69908e+07
1.09800e+03	2.66210e+07
1.09900e+03	2.72358e+07
1.10000e+03	2.73976e+07
1.10100e+03	2.70324e+07
1.10200e+03	2.66811e+07
1.10300e+03	2.72034e+07
1.10400e+03	2.71110e+07
1.10500e+03	2.71017e+07
1.10600e+03	2.70185e+07
1.10700e+03	2.69214e+07
1.10800e+03	2.69353e+07
1.10900e+03	2.69076e+07
1.11000e+03	2.69168e+07
1.11100e+03	2.67088e+07
1.11200e+03	2.65285e+07
1.11300e+03	2.64638e+07
1.11400e+03	2.66949e+07
1.11500e+03	2.64777e+07
1.11600e+03	2.64962e+07
1.11700e+03	2.66117e+07
1.11800e+03	2.63621e+07
1.11900e+03	2.60016e+07
1.12000e+03	2.60062e+07
1.12100e+03	2.61772e+07
1.12200e+03	2.62789e+07
1.12300e+03	2.62373e+07
1.12400e+03	2.60524e+07
1.12500e+03	2.53359e+07
1.12600e+03	2.55855e+07
1.12700e+03	2.57936e+07
1.12800e+03	2.56919e+07
1.12900e+03	2.54099e+07
1.13000e+03	2.54607e+07
1.13100e+03	2.55902e+07
1.13200e+03	2.55994e+07
1.13300e+03	2.51788e+07
1.13400e+03	2.54284e+07
1.13500e+03	2.54376e+07
1.13600e+03	2.54700e+07
1.13700e+03	2.52111e+07
1.13800e+03	2.48829e+07
1.13900e+03	2.49707e+07
1.14000e+03	2.47720e+07
1.14100e+03	2.48090e+07
1.14200e+03	2.49060e+07
1.14300e+03	2.49661e+07
1.14400e+03	2.47350e+07
1.14500e+03	2.49384e+07
1.14600e+03	2.51140e+07
1.14700e+03	2.50447e+07
1.14800e+03	2.48829e+07
1.14900e+03	2.48367e+07
1.15000e+03	2.47674e+07
1.15100e+03	2.47489e+07
1.15200e+03	2.45501e+07
1.15300e+03	2.46888e+07
1.15400e+03	2.47350e+07
1.15500e+03	2.45963e+07
1.15600e+03	2.45177e+07
1.15700e+03	2.45224e+07
1.15800e+03	2.44576e+07
1.15900e+03	2.38937e+07
1.16000e+03	2.39538e+07
1.16100e+03	2.35008e+07
1.16200e+03	2.41294e+07
1.16300e+03	2.41110e+07
1.16400e+03	2.37920e+07
1.16500e+03	2.39214e+07
1.16600e+03	2.37319e+07
1.16700e+03	2.38937e+07
1.16800e+03	2.39307e+07
1.16900e+03	2.34130e+07
1.17000e+03	2.38521e+07
1.17100e+03	2.39214e+07
1.17200e+03	2.38567e+07
1.17300e+03	2.38336e+07
1.17400e+03	2.37227e+07
1.17500e+03	2.30570e+07
1.17600e+03	2.34453e+07
1.17700e+03	2.34407e+07
1.17800e+03	2.31680e+07
1.17900e+03	2.35054e+07
1.18000e+03	2.35609e+07
1.18100e+03	2.33945e+07
1.18200e+03	2.31125e+07
1.18300e+03	2.24422e+07
1.18400e+03	2.31033e+07
1.18500e+03	2.33113e+07
1.18600e+03	2.32604e+07
1.18700e+03	2.32558e+07
1.18800e+03	2.24053e+07
1.18900e+03	2.23683e+07
1.19000e+03	2.30200e+07
1.19100e+03	2.31633e+07
1.19200e+03	2.30478e+07
1.19300e+03	2.30247e+07
1.19400e+03	2.29831e+07
1.19500e+03	2.27011e+07
1.19600e+03	2.27242e+07
1.19700e+03	2.21649e+07
1.19800e+03	2.19199e+07
1.19900e+03	2.16841e+07
1.20000e+03	2.25855e+07
1.20100e+03	2.26826e+07
1.20200e+03	2.25578e+07
1.20300e+03	2.16148e+07
1.20400e+03	2.21325e+07
1.20500e+03	2.23960e+07
1.20600e+03	2.24237e+07
1.20700e+03	2.23821e+07
1.20800e+03	2.12404e+07
1.20900e+03	2.16657e+07
1.21000e+03	2.17858e+07
1.21100e+03	2.18644e+07
1.21200e+03	2.21279e+07
1.21300e+03	2.21002e+07
1.21400e+03	2.21048e+07
1.21500e+03	2.20956e+07
1.21600e+03	2.20586e+07
1.21700e+03	2.19985e+07
1.21800e+03	2.19153e+07
1.21900e+03	2.18228e+07
1.22000e+03	2.18875e+07
1.22100e+03	2.17997e+07
1.22200e+03	2.17165e+07
1.22300e+03	2.16472e+07
1.22400e+03	2.17073e+07
1.22500e+03	2.16379e+07
1.22600e+03	2.15408e+07
1.22700e+03	2.11110e+07
1.22800e+03	2.14576e+07
1.22900e+03	2.14992e+07
1.23000e+03	2.13837e+07
1.23100e+03	2.13143e+07
1.23200e+03	2.12127e+07
1.23300e+03	2.12543e+07
1.23400e+03	2.11433e+07
1.23500e+03	2.11202e+07
1.23600e+03	2.11849e+07
1.23700e+03	2.11572e+07
1.23800e+03	2.11110e+07
1.23900e+03	2.08475e+07
1.24000e+03	2.08891e+07
1.24100e+03	2.09769e+07
1.24200e+03	2.07643e+07
1.24300e+03	2.05840e+07
1.24400e+03	2.07874e+07
1.24500e+03	2.08429e+07
1.24600e+03	2.07134e+07
1.24700e+03	2.06857e+07
1.24800e+03	2.07689e+07
1.24900e+03	2.07458e+07
1.25000e+03	2.06764e+07
1.25100e+03	2.05285e+07
1.25200e+03	2.03852e+07
1.25300e+03	2.04869e+07
1.25400e+03	2.04915e+07
1.25500e+03	2.04361e+07
1.25600e+03	2.03575e+07
1.25700e+03	2.03482e+07
1.25800e+03	2.03298e+07
1.25900e+03	2.03760e+07
1.26000e+03	2.03852e+07
1.26100e+03	2.02697e+07
1.26200e+03	2.02234e+07
1.26300e+03	2.02974e+07
1.26400e+03	2.01033e+07
1.26500e+03	2.01402e+07
1.26600e+03	2.01772e+07
1.26700e+03	1.99784e+07
1.26800e+03	1.98398e+07
1.26900e+03	2.00478e+07
1.27000e+03	2.01171e+07
1.27100e+03	2.00663e+07
1.27200e+03	2.00154e+07
1.27300e+03	1.99230e+07
1.27400e+03	1.98444e+07
1.27500e+03	1.99230e+07
1.27600e+03	1.99184e+07
1.27700e+03	1.98675e+07
1.27800e+03	1.97797e+07
1.27900e+03	1.96225e+07
1.28000e+03	1.93729e+07
1.28100e+03	1.82959e+07
1.28200e+03	1.73298e+07
1.28300e+03	1.87257e+07
1.28400e+03	1.92481e+07
1.28500e+03	1.93313e+07
1.28600e+03	1.94099e+07
1.28700e+03	1.94515e+07
1.28800e+03	1.93775e+07
1.28900e+03	1.93775e+07
1.29000e+03	1.91325e+07
1.29100e+03	1.92851e+07
1.29200e+03	1.93683e+07
1.29300e+03	1.92573e+07
1.29400e+03	1.92157e+07
1.29500e+03	1.92943e+07
1.29600e+03	1.92989e+07
1.29700e+03	1.91279e+07
1.29800e+03	1.91048e+07
1.29900e+03	1.92019e+07
1.30000e+03	1.91279e+07
1.30100e+03	1.90123e+07
1.30200e+03	1.89245e+07
1.30300e+03	1.87812e+07
1.30400e+03	1.88413e+07
1.30500e+03	1.89430e+07
1.30600e+03	1.89338e+07
1.30700e+03	1.88274e+07
1.30800e+03	1.88043e+07
1.30900e+03	1.87905e+07
1.31000e+03	1.86703e+07
1.31100e+03	1.86610e+07
1.31200e+03	1.81572e+07
1.31300e+03	1.83143e+07
1.31400e+03	1.84715e+07
1.31500e+03	1.79261e+07
1.31600e+03	1.83559e+07
1.31700e+03	1.84392e+07
1.31800e+03	1.83606e+07
1.31900e+03	1.84900e+07
1.32000e+03	1.83976e+07
1.32100e+03	1.82912e+07
1.32200e+03	1.83282e+07
1.32300e+03	1.83097e+07
1.32400e+03	1.83236e+07
1.32500e+03	1.82404e+07
1.32600e+03	1.81341e+07
1.32700e+03	1.81156e+07
1.32800e+03	1.79492e+07
1.32900e+03	1.77319e+07
1.33000e+03	1.79954e+07
1.33100e+03	1.79492e+07
1.33200e+03	1.77504e+07
1.33300e+03	1.80324e+07
1.33400e+03	1.80509e+07
1.33500e+03	1.79353e+07
1.33600e+03	1.79630e+07
1.33700e+03	1.78891e+07
1.33800e+03	1.77828e+07
1.33900e+03	1.75147e+07
1.34000e+03	1.77042e+07
1.34100e+03	1.77365e+07
1.34200e+03	1.77227e+07
1.34300e+03	1.77042e+07
1.34400e+03	1.77504e+07
1.34500e+03	1.76580e+07
1.34600e+03	1.75794e+07
1.34700e+03	1.76163e+07
1.34800e+03	1.76071e+07
1.34900e+03	1.74730e+07
1.35000e+03	1.73390e+07
1.35100e+03	1.74592e+07
1.35200e+03	1.75239e+07
1.35300e+03	1.74499e+07
1.35400e+03	1.73482e+07
1.35500e+03	1.71772e+07
1.35600e+03	1.70986e+07
1.35700e+03	1.71217e+07
1.35800e+03	1.72512e+07
1.35900e+03	1.70848e+07
1.36000e+03	1.70986e+07
1.36100e+03	1.72327e+07
1.36200e+03	1.70478e+07
1.36300e+03	1.69646e+07
1.36400e+03	1.70339e+07
1.36500e+03	1.70755e+07
1.36600e+03	1.69692e+07
1.36700e+03	1.69137e+07
1.36800e+03	1.68490e+07
1.36900e+03	1.67381e+07
1.37000e+03	1.67288e+07
1.37100e+03	1.67612e+07
1.37200e+03	1.68999e+07
1.37300e+03	1.68906e+07
1.37400e+03	1.67427e+07
1.37500e+03	1.66086e+07
1.37600e+03	1.65347e+07
1.37700e+03	1.66734e+07
1.37800e+03	1.66965e+07
1.37900e+03	1.67288e+07
1.38000e+03	1.66595e+07
1.38100e+03	1.66040e+07
1.38200e+03	1.64653e+07
1.38300e+03	1.65347e+07
1.38400e+03	1.65624e+07
1.38500e+03	1.64746e+07
1.38600e+03	1.64792e+07
1.38700e+03	1.64469e+07
1.38800e+03	1.65023e+07
1.38900e+03	1.64099e+07
1.39000e+03	1.63128e+07
1.39100e+03	1.64237e+07
1.39200e+03	1.63683e+07
1.39300e+03	1.63082e+07
1.39400e+03	1.62296e+07
1.39500e+03	1.62019e+07
1.39600e+03	1.62620e+07
1.39700e+03	1.62758e+07
1.39800e+03	1.62527e+07
1.39900e+03	1.60771e+07
1.40000e+03	1.58506e+07
1.40100e+03	1.59707e+07
1.40200e+03	1.60539e+07
1.40300e+03	1.59338e+07
1.40400e+03	1.59430e+07
1.40500e+03	1.59707e+07
1.40600e+03	1.59338e+07
1.40700e+03	1.59291e+07
1.40800e+03	1.59291e+07
1.40900e+03	1.59569e+07
1.41000e+03	1.58783e+07
1.41100e+03	1.55501e+07
1.41200e+03	1.55547e+07
1.41300e+03	1.56425e+07
1.41400e+03	1.57073e+07
1.41500e+03	1.57581e+07
1.41600e+03	1.56564e+07
1.41700e+03	1.57535e+07
1.41800e+03	1.56841e+07
1.41900e+03	1.55686e+07
1.42000e+03	1.55686e+07
1.42100e+03	1.54207e+07
1.42200e+03	1.53051e+07
1.42300e+03	1.53375e+07
1.42400e+03	1.53467e+07
1.42500e+03	1.52589e+07
1.42600e+03	1.51618e+07
1.42700e+03	1.52219e+07
1.42800e+03	1.52681e+07
1.42900e+03	1.50093e+07
1.43000e+03	1.51942e+07
1.43100e+03	1.52126e+07
1.43200e+03	1.54438e+07
1.43300e+03	1.52912e+07
1.43400e+03	1.52589e+07
1.43500e+03	1.53005e+07
1.43600e+03	1.52681e+07
1.43700e+03	1.52866e+07
1.43800e+03	1.52727e+07
1.43900e+03	1.51248e+07
1.44000e+03	1.45239e+07
1.44100e+03	1.49076e+07
1.44200e+03	1.47180e+07
1.44300e+03	1.48752e+07
1.44400e+03	1.48197e+07
1.44500e+03	1.50139e+07
1.44600e+03	1.48937e+07
1.44700e+03	1.48983e+07
1.44800e+03	1.49861e+07
1.44900e+03	1.49353e+07
1.45000e+03	1.47365e+07
1.45100e+03	1.45794e+07
1.45200e+03	1.47273e+07
1.45300e+03	1.46996e+07
1.45400e+03	1.45378e+07
1.45500e+03	1.45193e+07
1.45600e+03	1.45655e+07
1.45700e+03	1.46579e+07
1.45800e+03	1.47781e+07
1.45900e+03	1.47180e+07
1.46000e+03	1.46302e+07
1.46100e+03	1.45794e+07
1.46200e+03	1.44546e+07
1.46300e+03	1.43945e+07
1.46400e+03	1.44869e+07
1.46500e+03	1.43898e+07
1.46600e+03	1.44915e+07
1.46700e+03	1.44638e+07
1.46800e+03	1.44037e+07
1.46900e+03	1.44915e+07
1.47000e+03	1.42512e+07
1.47100e+03	1.42373e+07
1.47200e+03	1.41772e+07
1.47300e+03	1.40200e+07
1.47400e+03	1.39969e+07
1.47500e+03	1.40339e+07
1.47600e+03	1.40940e+07
1.47700e+03	1.40247e+07
1.47800e+03	1.40293e+07
1.47900e+03	1.42142e+07
1.48000e+03	1.41217e+07
1.48100e+03	1.40709e+07
1.48200e+03	1.40432e+07
1.48300e+03	1.39230e+07
1.48400e+03	1.41171e+07
1.48500e+03	1.41448e+07
1.48600e+03	1.39646e+07
1.48700e+03	1.33868e+07
1.48800e+03	1.29106e+07
1.48900e+03	1.39045e+07
1.49000e+03	1.39877e+07
1.49100e+03	1.39276e+07
1.49200e+03	1.39183e+07
1.49300e+03	1.39969e+07
1.49400e+03	1.40154e+07
1.49500e+03	1.37750e+07
1.49600e+03	1.35809e+07
1.49700e+03	1.37473e+07
1.49800e+03	1.37519e+07
1.49900e+03	1.37566e+07
1.50000e+03	1.38351e+07
1.50100e+03	1.37519e+07
1.50200e+03	1.30586e+07
1.50300e+03	1.28644e+07
1.50400e+03	1.26888e+07
1.50500e+03	1.26749e+07
1.50600e+03	1.32712e+07
1.50700e+03	1.34792e+07
1.50800e+03	1.32620e+07
1.50900e+03	1.34515e+07
1.51000e+03	1.35809e+07
1.51100e+03	1.35254e+07
1.51200e+03	1.32758e+07
1.51300e+03	1.32435e+07
1.51400e+03	1.32573e+07
1.51500e+03	1.33220e+07
1.51600e+03	1.32065e+07
1.51700e+03	1.32712e+07
1.51800e+03	1.32851e+07
1.51900e+03	1.32527e+07
1.52000e+03	1.31834e+07
1.52100e+03	1.30031e+07
1.52200e+03	1.29985e+07
1.52300e+03	1.31187e+07
1.52400e+03	1.30123e+07
1.52500e+03	1.30493e+07
1.52600e+03	1.31418e+07
1.52700e+03	1.31418e+07
1.52800e+03	1.31094e+07
1.52900e+03	1.27350e+07
1.53000e+03	1.26425e+07
1.53100e+03	1.29985e+07
1.53200e+03	1.29430e+07
1.53300e+03	1.28182e+07
1.53400e+03	1.27026e+07
1.53500e+03	1.28506e+07
1.53600e+03	1.29060e+07
1.53700e+03	1.27905e+07
1.53800e+03	1.26564e+07
1.53900e+03	1.25686e+07
1.54000e+03	1.24530e+07
1.54100e+03	1.25963e+07
1.54200e+03	1.26287e+07
1.54300e+03	1.27026e+07
1.54400e+03	1.27304e+07
1.54500e+03	1.27489e+07
1.54600e+03	1.26656e+07
1.54700e+03	1.23929e+07
1.54800e+03	1.23837e+07
1.54900e+03	1.24391e+07
1.55000e+03	1.23791e+07
1.55100e+03	1.24992e+07
1.55200e+03	1.25177e+07
1.55300e+03	1.22958e+07
1.55400e+03	1.22265e+07
1.55500e+03	1.22219e+07
1.55600e+03	1.22311e+07
1.55700e+03	1.23606e+07
1.55800e+03	1.22958e+07
1.55900e+03	1.22265e+07
1.56000e+03	1.23143e+07
1.56100e+03	1.23929e+07
1.56200e+03	1.23005e+07
1.56300e+03	1.21710e+07
1.56400e+03	1.22404e+07
1.56500e+03	1.22080e+07
1.56600e+03	1.20740e+07
1.56700e+03	1.20740e+07
1.56800e+03	1.19723e+07
1.56900e+03	1.19954e+07
1.57000e+03	1.21110e+07
1.57100e+03	1.22080e+07
1.57200e+03	1.21248e+07
1.57300e+03	1.20647e+07
1.57400e+03	1.16626e+07
1.57500e+03	1.15470e+07
1.57600e+03	1.14407e+07
1.57700e+03	1.11726e+07
1.57800e+03	1.17689e+07
1.57900e+03	1.19584e+07
1.58000e+03	1.20185e+07
1.58100e+03	1.18336e+07
1.58200e+03	1.15655e+07
1.58300e+03	1.16533e+07
1.58400e+03	1.17180e+07
1.58500e+03	1.18105e+07
1.58600e+03	1.17088e+07
1.58700e+03	1.15100e+07
1.58800e+03	1.10709e+07
1.58900e+03	1.07150e+07
1.59000e+03	1.09969e+07
1.59100e+03	1.12465e+07
1.59200e+03	1.16533e+07
1.59300e+03	1.17550e+07
1.59400e+03	1.17920e+07
1.59500e+03	1.15932e+07
1.59600e+03	1.12743e+07
1.59700e+03	1.16256e+07
1.59800e+03	1.16857e+07
1.59900e+03	1.15516e+07
1.60000e+03	1.14499e+07
1.60100e+03	1.13205e+07
1.60200e+03	1.13991e+07
1.60300e+03	1.14407e+07
1.60400e+03	1.13575e+07
1.60500e+03	1.13436e+07
1.60600e+03	1.12188e+07
1.60700e+03	1.13159e+07
1.60800e+03	1.13667e+07
1.60900e+03	1.10247e+07
1.61000e+03	1.07982e+07
1.61100e+03	1.10016e+07
1.61200e+03	1.10940e+07
1.61300e+03	1.11633e+07
1.61400e+03	1.11356e+07
1.61500e+03	1.08721e+07
1.61600e+03	1.07103e+07
1.61700e+03	1.09599e+07
1.61800e+03	1.11032e+07
1.61900e+03	1.09646e+07
1.62000e+03	1.06595e+07
1.62100e+03	1.08028e+07
1.62200e+03	1.09738e+07
1.62300e+03	1.11264e+07
1.62400e+03	1.10339e+07
1.62500e+03	1.09877e+07
1.62600e+03	1.10293e+07
1.62700e+03	1.10940e+07
1.62800e+03	1.10986e+07
1.62900e+03	1.09692e+07
1.63000e+03	1.09230e+07
1.63100e+03	1.09368e+07
1.63200e+03	1.08767e+07
1.63300e+03	1.07011e+07
1.63400e+03	1.07519e+07
1.63500e+03	1.08166e+07
1.63600e+03	1.05855e+07
1.63700e+03	1.04052e+07
1.63800e+03	1.01556e+07
1.63900e+03	1.02019e+07
1.64000e+03	1.02250e+07
1.64100e+03	1.01695e+07
1.64200e+03	1.02804e+07
1.64300e+03	1.03313e+07
1.64400e+03	1.02481e+07
1.64500e+03	1.03267e+07
1.64600e+03	1.04237e+07
1.64700e+03	1.04284e+07
1.64800e+03	1.03498e+07
1.64900e+03	1.03082e+07
1.65000e+03	1.03359e+07
1.65100e+03	1.03174e+07
1.65200e+03	1.03636e+07
1.65300e+03	1.03683e+07
1.65400e+03	1.03405e+07
1.65500e+03	1.03590e+07
1.65600e+03	1.04052e+07
1.65700e+03	1.03821e+07
1.65800e+03	1.03405e+07
1.65900e+03	1.03082e+07
1.66000e+03	1.03914e+07
1.66100e+03	1.03868e+07
1.66200e+03	1.03036e+07
1.66300e+03	1.02527e+07
1.66400e+03	1.02296e+07
1.66500e+03	1.01418e+07
1.66600e+03	1.01094e+07
1.66700e+03	1.00493e+07
1.66800e+03	9.94762e+06
1.66900e+03	1.00909e+07
1.67000e+03	1.01233e+07
1.67100e+03	9.93375e+06
1.67200e+03	9.73036e+06
1.67300e+03	9.91064e+06
1.67400e+03	9.90140e+06
1.67500e+03	9.70725e+06
1.67600e+03	9.72574e+06
1.67700e+03	9.79970e+06
1.67800e+03	9.72112e+06
1.67900e+03	9.53622e+06
1.68000e+03	9.19878e+06
1.68100e+03	9.11095e+06
1.68200e+03	9.35594e+06
1.68300e+03	9.56395e+06
1.68400e+03	9.67027e+06
1.68500e+03	9.67489e+06
1.68600e+03	9.65640e+06
1.68700e+03	9.65640e+06
1.68800e+03	9.64254e+06
1.68900e+03	9.54546e+06
1.69000e+03	9.65178e+06
1.69100e+03	9.70725e+06
1.69200e+03	9.71650e+06
1.69300e+03	9.69800e+06
1.69400e+03	9.67489e+06
1.69500e+03	9.65178e+06
1.69600e+03	9.61942e+06
1.69700e+03	9.60556e+06
1.69800e+03	9.59631e+06
1.69900e+03	9.52235e+06
1.70000e+03	9.44377e+06
1.70100e+03	9.42528e+06
1.70200e+03	9.36518e+06
1.70300e+03	9.34670e+06
1.70400e+03	9.44377e+06
1.70500e+03	9.37443e+06
1.71000e+03	9.15717e+06
1.71500e+03	9.21264e+06
1.72000e+03	9.05548e+06
1.72500e+03	8.93529e+06
1.73000e+03	8.83360e+06
1.73500e+03	8.38522e+06
1.74000e+03	8.54238e+06
1.74500e+03	8.58398e+06
1.75000e+03	8.51927e+06
1.75500e+03	8.51464e+06
1.76000e+03	8.39446e+06
1.76500e+03	8.30663e+06
1.77000e+03	8.24192e+06
1.77500e+03	8.12636e+06
1.78000e+03	8.02004e+06
1.78500e+03	7.97844e+06
1.79000e+03	7.95532e+06
1.79500e+03	7.86287e+06
1.80000e+03	7.77504e+06
1.80500e+03	7.71033e+06
1.81000e+03	7.64562e+06
1.81500e+03	7.31742e+06
1.82000e+03	7.18799e+06
1.82500e+03	7.39138e+06
1.83000e+03	7.35902e+06
1.83500e+03	7.28506e+06
1.84000e+03	7.18799e+06
1.84500e+03	7.07242e+06
1.85000e+03	7.08629e+06
1.85500e+03	7.02620e+06
1.86000e+03	6.93375e+06
1.86500e+03	6.83668e+06
1.87000e+03	6.72574e+06
1.87500e+03	6.23113e+06
1.88000e+03	6.58244e+06
1.88500e+03	6.61480e+06
1.89000e+03	6.51310e+06
1.89500e+03	6.36981e+06
1.90000e+03	6.41603e+06
1.90500e+03	6.38367e+06
1.91000e+03	6.31434e+06
1.91500e+03	6.27273e+06
1.92000e+03	6.19877e+06
1.92500e+03	6.16642e+06
1.93000e+03	6.02312e+06
1.93500e+03	6.01849e+06
1.94000e+03	5.87982e+06
1.94500e+03	5.56087e+06
1.95000e+03	5.75964e+06
1.95500e+03	5.85671e+06
1.96000e+03	5.78275e+06
1.96500e+03	5.68568e+06
1.97000e+03	5.66256e+06
1.97500e+03	5.56549e+06
1.98000e+03	5.50540e+06
1.98500e+03	5.46842e+06
1.99000e+03	5.46380e+06
1.99500e+03	5.37134e+06
2.00000e+03	5.35748e+06
2.00500e+03	5.30201e+06
2.01000e+03	5.28814e+06
2.01500e+03	5.24192e+06
2.02000e+03	5.14946e+06
2.02500e+03	5.12173e+06
2.03000e+03	5.04315e+06
2.03500e+03	4.99692e+06
2.04000e+03	4.97381e+06
2.04500e+03	4.97843e+06
2.05000e+03	4.91834e+06
2.05500e+03	4.86749e+06
2.06000e+03	4.79353e+06
2.06500e+03	4.75655e+06
2.07000e+03	4.72882e+06
2.07500e+03	4.72420e+06
2.08000e+03	4.65024e+06
2.08500e+03	4.60956e+06
2.09000e+03	4.56426e+06
2.09500e+03	4.49723e+06
2.10000e+03	4.50463e+06
2.10500e+03	4.47643e+06
2.11000e+03	4.42512e+06
2.11500e+03	4.38629e+06
2.12000e+03	4.33128e+06
2.12500e+03	4.29199e+06
2.13000e+03	4.28829e+06
2.13500e+03	4.23652e+06
2.14000e+03	4.22543e+06
2.14500e+03	4.18752e+06
2.15000e+03	4.16349e+06
2.15500e+03	4.12373e+06
2.16000e+03	4.05763e+06
2.16500e+03	3.82281e+06
2.17000e+03	3.93282e+06
2.17500e+03	3.95778e+06
2.18000e+03	3.92496e+06
2.18500e+03	3.90971e+06
2.19000e+03	3.86349e+06
2.19500e+03	3.85378e+06
2.20000e+03	3.81726e+06
2.20500e+03	3.72943e+06
2.21000e+03	3.72019e+06
2.21500e+03	3.70678e+06
2.22000e+03	3.68367e+06
2.22500e+03	3.63698e+06
2.23000e+03	3.61803e+06
2.23500e+03	3.58752e+06
2.24000e+03	3.53899e+06
2.24500e+03	3.52050e+06
2.25000e+03	3.48583e+06
2.25500e+03	3.44654e+06
2.26000e+03	3.42712e+06
2.26500e+03	3.39615e+06
2.27000e+03	3.38275e+06
2.27500e+03	3.35778e+06
2.28000e+03	3.30139e+06
2.28500e+03	3.28336e+06
2.29000e+03	3.26533e+06
2.29500e+03	3.19369e+06
2.30000e+03	3.19785e+06
2.30500e+03	3.18814e+06
2.31000e+03	3.16318e+06
2.31500e+03	3.12481e+06
2.32000e+03	3.08367e+06
2.32500e+03	3.02034e+06
2.33000e+03	3.03282e+06
2.33500e+03	3.00879e+06
2.34000e+03	2.99862e+06
2.34500e+03	2.98660e+06
2.35000e+03	2.93575e+06
2.35500e+03	2.87520e+06
2.36000e+03	2.88721e+06
2.36500e+03	2.87982e+06
2.37000e+03	2.84607e+06
2.37500e+03	2.81464e+06
2.38000e+03	2.79892e+06
2.38500e+03	2.70694e+06
2.39000e+03	2.73005e+06
2.39500e+03	2.71988e+06
2.40000e+03	2.70278e+06
2.40500e+03	2.68706e+06
2.41000e+03	2.66672e+06
2.41500e+03	2.58675e+06
2.42000e+03	2.59877e+06
2.42500e+03	2.58952e+06
2.43000e+03	2.57936e+06
2.43500e+03	2.54931e+06
2.44000e+03	2.54284e+06
2.44500e+03	2.50956e+06
2.45000e+03	2.46703e+06
2.45500e+03	2.44854e+06
2.46000e+03	2.45501e+06
2.46500e+03	2.44946e+06
2.47000e+03	2.41156e+06
2.47500e+03	2.40694e+06
2.48000e+03	2.35748e+06
2.48500e+03	2.34130e+06
2.49000e+03	2.34777e+06
2.49500e+03	2.33436e+06
2.50000e+03	2.32697e+06
2.50500e+03	2.30986e+06
2.51000e+03	2.27381e+06
2.51500e+03	2.26225e+06
2.52000e+03	2.25624e+06
2.52500e+03	2.24469e+06
2.53000e+03	2.23082e+06
2.53500e+03	2.20909e+06
2.54000e+03	2.17258e+06
2.54500e+03	2.16564e+06
2.55000e+03	2.15270e+06
2.55500e+03	2.13513e+06
2.56000e+03	2.12034e+06
2.56500e+03	2.10601e+06
2.57000e+03	2.09630e+06
2.57500e+03	2.09261e+06
2.58000e+03	2.06764e+06
2.58500e+03	2.01772e+06
2.59000e+03	2.03621e+06
2.59500e+03	2.02281e+06
2.60000e+03	2.01264e+06
2.60500e+03	2.00339e+06
2.61000e+03	1.98629e+06
2.61500e+03	1.96780e+06
2.62000e+03	1.93174e+06
2.62500e+03	1.84160e+06
2.63000e+03	1.89569e+06
2.63500e+03	1.91418e+06
2.64000e+03	1.87627e+06
2.64500e+03	1.88182e+06
2.65000e+03	1.87442e+06
2.65500e+03	1.85039e+06
2.66000e+03	1.84715e+06
2.66500e+03	1.81063e+06
2.67000e+03	1.82265e+06
2.67500e+03	1.80601e+06
2.68000e+03	1.80231e+06
2.68500e+03	1.79492e+06
2.69000e+03	1.78151e+06
2.69500e+03	1.76718e+06
2.70000e+03	1.75932e+06
2.70500e+03	1.74546e+06
2.71000e+03	1.73113e+06
2.71500e+03	1.72234e+06
2.72000e+03	1.71032e+06
2.72500e+03	1.69600e+06
2.73000e+03	1.68721e+06
2.73500e+03	1.67751e+06
2.74000e+03	1.66271e+06
2.74500e+03	1.65670e+06
2.75000e+03	1.64284e+06
2.75500e+03	1.61880e+06
2.76000e+03	1.59938e+06
2.76500e+03	1.60170e+06
2.77000e+03	1.59754e+06
2.77500e+03	1.58321e+06
2.78000e+03	1.57581e+06
2.78500e+03	1.56564e+06
2.79000e+03	1.56056e+06
2.79500e+03	1.54992e+06
2.80000e+03	1.53698e+06
2.80500e+03	1.52635e+06
2.81000e+03	1.51942e+06
2.81500e+03	1.50832e+06
2.82000e+03	1.49861e+06
2.82500e+03	1.48752e+06
2.83000e+03	1.47920e+06
2.83500e+03	1.47088e+06
2.84000e+03	1.45516e+06
2.84500e+03	1.44823e+06
2.85000e+03	1.43806e+06
2.85500e+03	1.42974e+06
2.86000e+03	1.42096e+06
2.86500e+03	1.40848e+06
2.87000e+03	1.38398e+06
2.87500e+03	1.37612e+06
2.88000e+03	1.38120e+06
2.88500e+03	1.37427e+06
2.89000e+03	1.36502e+06
2.89500e+03	1.35809e+06
2.90000e+03	1.34885e+06
2.90500e+03	1.34006e+06
2.91000e+03	1.33267e+06
2.91500e+03	1.32296e+06
2.92000e+03	1.31418e+06
2.92500e+03	1.30031e+06
2.93000e+03	1.29569e+06
2.93500e+03	1.28968e+06
2.94000e+03	1.28043e+06
2.94500e+03	1.26980e+06
2.95000e+03	1.26333e+06
2.95500e+03	1.25686e+06
2.96000e+03	1.24992e+06
2.96500e+03	1.24299e+06
2.97000e+03	1.23467e+06
2.97500e+03	1.22727e+06
2.98000e+03	1.21803e+06
2.98500e+03	1.21110e+06
2.99000e+03	1.20231e+06
2.99500e+03	1.19307e+06
3.00000e+03	1.18336e+06
3.00500e+03	1.18105e+06
3.01000e+03	1.17365e+06
3.01500e+03	1.16579e+06
3.02000e+03	1.15794e+06
3.02500e+03	1.15054e+06
3.03000e+03	1.14130e+06
3.03500e+03	1.12419e+06
3.04000e+03	1.10616e+06
3.04500e+03	1.11633e+06
3.05000e+03	1.11587e+06
3.05500e+03	1.10801e+06
3.06000e+03	1.10154e+06
3.06500e+03	1.09183e+06
3.07000e+03	1.08675e+06
3.07500e+03	1.08305e+06
3.08000e+03	1.07427e+06
3.08500e+03	1.06595e+06
3.09000e+03	1.06133e+06
3.09500e+03	1.05485e+06
3.10000e+03	1.04746e+06
3.10500e+03	1.04376e+06
3.11000e+03	1.03544e+06
3.11500e+03	1.01741e+06
3.12000e+03	1.02065e+06
3.12500e+03	1.01741e+06
3.13000e+03	1.01140e+06
3.13500e+03	1.00632e+06
3.14000e+03	9.99847e+05
3.14500e+03	9.93838e+05
3.15000e+03	9.82281e+05
3.15500e+03	9.79508e+05
3.16000e+03	9.76272e+05
3.16500e+03	9.68414e+05
3.17000e+03	9.61018e+05
3.17500e+03	9.59169e+05
3.18000e+03	9.51310e+05
3.18500e+03	9.47150e+05
3.19000e+03	9.42528e+05
3.19500e+03	9.36981e+05
3.20000e+03	9.28198e+05
3.20500e+03	9.24962e+05
3.21000e+03	9.20340e+05
3.21500e+03	9.12944e+05
3.22000e+03	9.09246e+05
3.22500e+03	9.03236e+05
3.23000e+03	8.98152e+05
3.23500e+03	8.91680e+05
3.24000e+03	8.85671e+05
3.24500e+03	8.80124e+05
3.25000e+03	8.78275e+05
3.25500e+03	8.71804e+05
3.26000e+03	8.66256e+05
3.26500e+03	8.61172e+05
3.27000e+03	8.57012e+05
3.27500e+03	8.51002e+05
3.28000e+03	8.44531e+05
3.28500e+03	8.39446e+05
3.29000e+03	8.32050e+05
3.29500e+03	8.14947e+05
3.30000e+03	8.13560e+05
3.30500e+03	8.20031e+05
3.31000e+03	8.17258e+05
3.31500e+03	8.09400e+05
3.32000e+03	7.95532e+05
3.32500e+03	8.00617e+05
3.33000e+03	7.99230e+05
3.33500e+03	7.94146e+05
3.34000e+03	7.88598e+05
3.34500e+03	7.85825e+05
3.35000e+03	7.80278e+05
3.35500e+03	7.76118e+05
3.36000e+03	7.72882e+05
3.36500e+03	7.66410e+05
3.37000e+03	7.59939e+05
3.37500e+03	7.58090e+05
3.38000e+03	7.53930e+05
3.38500e+03	7.50232e+05
3.39000e+03	7.47458e+05
3.39500e+03	7.37751e+05
3.40000e+03	7.28044e+05
3.40500e+03	7.31280e+05
3.41000e+03	7.28044e+05
3.41500e+03	7.21572e+05
3.42000e+03	7.20648e+05
3.42500e+03	7.16488e+05
3.43000e+03	7.12327e+05
3.43500e+03	7.10478e+05
3.44000e+03	7.06780e+05
3.44500e+03	7.02620e+05
3.45000e+03	6.98922e+05
3.45500e+03	6.94762e+05
3.46000e+03	6.91526e+05
3.46500e+03	6.87366e+05
3.47000e+03	6.82281e+05
3.47500e+03	6.78583e+05
3.48000e+03	6.75810e+05
3.48500e+03	6.72112e+05
3.49000e+03	6.68414e+05
3.49500e+03	6.64253e+05
3.50000e+03	6.61480e+05
3.50500e+03	6.58244e+05
3.51000e+03	6.54546e+05
3.51500e+03	6.50386e+05
3.52000e+03	6.46688e+05
3.52500e+03	6.43452e+05
3.53000e+03	6.40216e+05
3.53500e+03	6.35132e+05
3.54000e+03	6.31896e+05
3.54500e+03	6.30509e+05
3.55000e+03	6.26811e+05
3.55500e+03	6.21264e+05
3.56000e+03	6.17566e+05
3.56500e+03	6.16179e+05
3.57000e+03	6.12019e+05
3.57500e+03	6.09246e+05
3.58000e+03	6.05085e+05
3.58500e+03	6.02312e+05
3.59000e+03	6.00000e+05
3.59500e+03	5.96302e+05
3.60000e+03	5.93067e+05
3.60500e+03	5.91218e+05
3.61000e+03	5.87982e+05
3.61500e+03	5.85208e+05
3.62000e+03	5.82435e+05
3.62500e+03	5.78737e+05
3.63000e+03	5.75501e+05
3.63500e+03	5.72728e+05
3.64000e+03	5.69030e+05
3.64500e+03	5.64870e+05
3.65000e+03	5.61172e+05
3.65500e+03	5.56549e+05
3.66000e+03	5.55162e+05
3.66500e+03	5.53776e+05
3.67000e+03	5.50078e+05
3.67500e+03	5.46380e+05
3.68000e+03	5.39446e+05
3.68500e+03	5.38984e+05
3.69000e+03	5.38984e+05
3.69500e+03	5.31125e+05
3.70000e+03	5.23729e+05
3.70500e+03	5.25116e+05
3.71000e+03	5.23267e+05
3.71500e+03	5.22343e+05
3.72000e+03	5.21880e+05
3.72500e+03	5.20031e+05
3.73000e+03	5.17258e+05
3.73500e+03	5.08937e+05
3.74000e+03	4.96919e+05
3.74500e+03	4.95994e+05
3.75000e+03	5.00617e+05
3.75500e+03	4.99692e+05
3.76000e+03	4.99230e+05
3.76500e+03	4.98305e+05
3.77000e+03	4.95994e+05
3.77500e+03	4.91372e+05
3.78000e+03	4.89523e+05
3.78500e+03	4.88136e+05
3.79000e+03	4.84438e+05
3.79500e+03	4.82127e+05
3.80000e+03	4.80278e+05
3.80500e+03	4.78429e+05
3.81000e+03	4.75655e+05
3.81500e+03	4.73344e+05
3.82000e+03	4.71957e+05
3.82500e+03	4.71033e+05
3.83000e+03	4.68259e+05
3.83500e+03	4.64561e+05
3.84000e+03	4.63174e+05
3.84500e+03	4.61834e+05
3.85000e+03	4.59569e+05
3.85500e+03	4.56842e+05
3.86000e+03	4.53282e+05
3.86500e+03	4.50185e+05
3.87000e+03	4.48429e+05
3.87500e+03	4.47550e+05
3.88000e+03	4.45193e+05
3.88500e+03	4.41171e+05
3.89000e+03	4.40339e+05
3.89500e+03	4.37982e+05
3.90000e+03	4.35624e+05
3.90500e+03	4.34423e+05
3.91000e+03	4.32574e+05
3.91500e+03	4.30493e+05
3.92000e+03	4.28136e+05
3.92500e+03	4.26472e+05
3.93000e+03	4.24068e+05
3.93500e+03	4.21618e+05
3.94000e+03	4.20324e+05
3.94500e+03	4.17412e+05
3.95000e+03	4.13806e+05
3.95500e+03	4.11218e+05
3.96000e+03	4.10062e+05
3.96500e+03	4.09276e+05
3.97000e+03	4.07381e+05
3.97500e+03	4.05116e+05
3.98000e+03	4.02897e+05
3.98500e+03	3.99523e+05
3.99000e+03	3.97027e+05
3.99500e+03	3.94438e+05
4.00000e+03	3.83668e+05
4.02000e+03	3.68644e+05
4.04000e+03	3.61248e+05
4.06000e+03	3.53991e+05
4.08000e+03	3.46965e+05
4.10000e+03	3.40077e+05
4.12000e+03	3.33421e+05
4.14000e+03	3.26857e+05
4.16000e+03	3.20478e+05
4.18000e+03	3.14238e+05
4.20000e+03	3.08182e+05
4.22000e+03	3.02219e+05
4.24000e+03	2.96441e+05
4.26000e+03	2.90755e+05
4.28000e+03	2.85254e+05
4.30000e+03	2.79846e+05
4.32000e+03	2.74623e+05
4.34000e+03	2.69446e+05
4.36000e+03	2.64453e+05
4.38000e+03	2.59507e+05
4.40000e+03	2.54746e+05
4.42000e+03	2.50031e+05
4.44000e+03	2.45501e+05
4.46000e+03	2.41017e+05
4.48000e+03	2.36626e+05
4.50000e+03	2.32327e+05
4.52000e+03	2.28167e+05
4.54000e+03	2.24053e+05
4.56000e+03	2.20077e+05
4.58000e+03	2.16194e+05
4.60000e+03	2.12358e+05
4.62000e+03	2.08613e+05
4.64000e+03	2.04962e+05
4.66000e+03	2.01356e+05
4.68000e+03	1.97889e+05
4.70000e+03	1.94469e+05
4.72000e+03	1.91094e+05
4.74000e+03	1.87858e+05
4.76000e+03	1.84623e+05
4.78000e+03	1.81479e+05
4.80000e+03	1.78382e+05
4.82000e+03	1.75378e+05
4.84000e+03	1.72465e+05
4.86000e+03	1.69553e+05
4.88000e+03	1.66734e+05
4.90000e+03	1.63960e+05
4.92000e+03	1.61233e+05
4.94000e+03	1.58598e+05
4.96000e+03	1.56009e+05
4.98000e+03	1.53467e+05
5.00000e+03	1.50971e+05
5.05000e+03	1.47781e+05
5.10000e+03	1.42281e+05
5.15000e+03	1.37011e+05
5.20000e+03	1.31926e+05
5.25000e+03	1.27165e+05
5.30000e+03	1.22589e+05
5.35000e+03	1.18244e+05
5.40000e+03	1.14037e+05
5.45000e+03	1.10016e+05
5.50000e+03	1.06225e+05
5.55000e+03	1.02527e+05
5.60000e+03	9.90602e+04
5.65000e+03	9.57320e+04
5.70000e+03	9.24962e+04
5.75000e+03	8.94454e+04
5.80000e+03	8.64870e+04
5.85000e+03	8.36672e+04
5.90000e+03	8.09400e+04
5.95000e+03	7.83514e+04
6.00000e+03	7.58552e+04
6.05000e+03	7.34515e+04
6.10000e+03	7.11403e+04
6.15000e+03	6.89215e+04
6.20000e+03	6.67951e+04
6.25000e+03	6.47612e+04
6.30000e+03	6.27736e+04
6.35000e+03	6.09246e+04
6.40000e+03	5.90756e+04
6.45000e+03	5.73652e+04
6.50000e+03	5.56549e+04
6.55000e+03	5.39908e+04
6.60000e+03	5.24191e+04
6.65000e+03	5.09400e+04
6.70000e+03	4.94608e+04
6.75000e+03	4.80740e+04
6.80000e+03	4.67335e+04
6.85000e+03	4.54161e+04
6.90000e+03	4.41541e+04
6.95000e+03	4.29430e+04
7.00000e+03	4.17689e+04
7.05000e+03	4.06318e+04
7.10000e+03	3.95362e+04
7.15000e+03	3.84777e+04
7.20000e+03	3.74515e+04
7.25000e+03	3.64623e+04
7.30000e+03	3.55054e+04
7.35000e+03	3.45809e+04
7.40000e+03	3.36842e+04
7.45000e+03	3.28198e+04
7.50000e+03	3.19785e+04
7.55000e+03	3.11695e+04
7.60000e+03	3.03791e+04
7.65000e+03	2.96164e+04
7.70000e+03	2.88814e+04
7.75000e+03	2.81695e+04
7.80000e+03	2.74761e+04
7.85000e+03	2.68059e+04
7.90000e+03	2.61541e+04
7.95000e+03	2.55254e+04
8.00000e+03	2.49107e+04
8.05000e+03	2.43190e+04
8.10000e+03	2.37458e+04
8.15000e+03	2.31818e+04
8.20000e+03	2.26410e+04
8.25000e+03	2.21140e+04
8.30000e+03	2.16009e+04
8.35000e+03	2.11063e+04
8.40000e+03	2.06256e+04
8.45000e+03	2.01587e+04
8.50000e+03	1.97057e+04
8.55000e+03	1.92573e+04
8.60000e+03	1.88274e+04
8.65000e+03	1.84114e+04
8.70000e+03	1.80046e+04
8.75000e+03	1.76071e+04
8.80000e+03	1.72281e+04
8.85000e+03	1.68536e+04
8.90000e+03	1.64885e+04
8.95000e+03	1.61371e+04
9.00000e+03	1.57951e+04
9.05000e+03	1.54576e+04
9.10000e+03	1.51294e+04
9.15000e+03	1.48151e+04
9.20000e+03	1.45054e+04
9.25000e+03	1.42049e+04
9.30000e+03	1.39137e+04
9.35000e+03	1.36271e+04
9.40000e+03	1.33452e+04
9.45000e+03	1.30771e+04
9.50000e+03	1.28089e+04
9.55000e+03	1.25547e+04
9.60000e+03	1.23005e+04
9.65000e+03	1.20555e+04
9.70000e+03	1.18197e+04
9.75000e+03	1.15886e+04
9.80000e+03	1.13575e+04
9.85000e+03	1.11402e+04
9.90000e+03	1.09230e+04
9.95000e+03	1.07103e+04
1.00000e+04	1.05023e+04
1.10000e+04	7.11865e+03
1.20000e+04	5.01541e+03
1.30000e+04	3.63144e+03
1.40000e+04	2.69538e+03
1.50000e+04	2.04222e+03
1.60000e+04	1.57211e+03
1.70000e+04	1.23236e+03
1.80000e+04	9.79970e+02
1.90000e+04	7.88136e+02
2.00000e+04	6.40216e+02
2.50000e+04	2.63436e+02
3.00000e+04	1.27581e+02
3.50000e+04	6.87828e+01
4.00000e+04	4.05393e+01
5.00000e+04	1.66780e+01
6.00000e+04	8.05702e+00
8.00000e+04	2.56040e+00
1.00000e+05	1.05393e+00
1.20000e+05	5.09400e-01
1.50000e+05	2.09445e-01
2.00000e+05	6.66102e-02
2.50000e+05	2.73467e-02
3.00000e+05	1.28459e-02
4.00000e+05	4.39785e-03
1.00000e+06	1.47180e-04
